Text,Sentiment
yeye ni mrembo sana,positive
Tunaipenda hii ngoma sana,positive
yani nahisi mapenzi hadi kwa miguu?? naipenda ngoma 2019,positive
Waah hii ngoma ilikua imeshika nikiwa darasa la 6 ????yanirudisha nyuma kweli..genge hadi mwisho wangu,positive
Safi mgenge????2018 na hii ngoma bado ni moto,positive
"Kasha nzuri, Thamani bora.",positive
Nzuri kwa taya.,positive
Nilipenda alivyokuwa akicheka,positive
"Wimbo mzuri sana, unafundisha kwa hawa warembo wetu wa kileo majivuno kibao",positive
wimbo wa ukweli . kama una goja 2019 nipe like,positive
"Huu wimbo ni kama vile umetolewa jana. Wimbo huu una maudhui makubwa tena ya kueleweka vizuri. MUNGU atuhurumie, Amen",positive
"Asante kwa nyote ambao walichukua wakati wao kuandika kwenye video hii..,shukrani sana ndugu zanguni...",positive
Ikiwa wewe ni mmiliki wa Razr ... lazima uwe na hii!,positive
Na ubora wa sauti ni nzuri,positive
Alivutiwa sana wakati wa kwenda kutoka kwa betri ya asili hadi betri iliyopanuliwa.,positive
Ubora mzuri sana,positive
sauti tamu sana dady rudi studio tena umepotea sana,positive
Inafanya kazi nzuri!,positive
waaaaa mtoto mzuriii...,positive
ndio napenda wimbo.. ujumbe mzuri.,positive
Hiyo sauti!!!nadhani watanzania wengi wana sauti za kushangaza,positive
Mungu amekubariki sana Aslay 2020 mko wapi,positive
"Haki napenda hii wimbo...usikufe moyo, wimbo mzuri",positive
Mtoto ana talanta sana,positive
Krismasi njema,positive
valentines zenye furaha,positive
Sikukuu njema,positive
upendo wa mungu baba ni wa maajabu sana.,positive
upendo hauna chuki,positive
Mtandao wa kushangaza wa 4G katika mji wa Mombasa pamoja na mipango nzuri sana na ya bei rahisi.,positive
Wakenya nawapenda sana kutoka Tz naombeni Like zenu,positive
Asanteni sana majirani wetu kutoka Kenya.,positive
Kazi nzuri!,positive
Hii ni sinema ya kushangaza.,positive
Hii ni filamu bora.,positive
Yeye ni hazina ya kitaifa.,positive
Maonyesho ya angani yalifanywa vizuri.,positive
Ilikuwa pia usawa sahihi wa vita na upendo.,positive
Kris Kristoffersen ni mzuri kwenye sinema hii na kweli hufanya tofauti.,positive
Filamu nzuri na mkurugenzi mkubwa!,positive
Kwa kweli hii ni moja ya kumbukumbu bora ambayo nimeona wakiangalia uhusiano wa kifamilia na ndoa.,positive
Hii ni sinema nzuri tu.,positive
Nyota 10 kati ya 10.,positive
Tukio bora katika sinema ilikuwa wakati Gerardo anajaribu kupata wimbo ambao unaendelea kupitia kichwa chake.,positive
Na penda,positive
"Ni nzuri sana, ningeipendekeza kwako",positive
hii ni ofa nzuri,positive
Shukrani sana,positive
Asante sana mwalimu kwa somo nzuri,positive
"Aliona sinema leo na alidhani ni juhudi nzuri, ujumbe mzuri kwa watoto.",positive
Na hao bundi watoto walikuwa wa kupendeza,positive
"Sinema ilionesha Florida nyingi saa bora, ikaifanya ionekane ya kupendeza sana.",positive
Nyimbo Zilikuwa Nzuri Zaidi,positive
Siwezi kufikiria filamu nyingine ambayo kitu muhimu sana kinatokea kila dakika nyingine.,positive
"Kwa maneno mengine, kiwango cha yaliyomo katika filamu hii inatosha kujaza filamu zingine kadhaa kwa urahisi.",positive
Je! Mtu yeyote katika akili zao sahihi anaweza kuuliza chochote zaidi kutoka kwenye sinema kuliko hii?,positive
"Ni aina ya juu kabisa, ya juu zaidi ya sinema inayowezekana.",positive
"Ndio, filamu hii inahitaji idadi kubwa ya utatuzi wa -puzzle, lakini vipande vinafaa pamoja kuunda picha nzuri.",positive
Hii ni nambari ya kwanza ya th bora mfululizo.,positive
Inastahili upendo mkali.,positive
"Kuna viwango vikubwa, wahusika wasioweza kufunguliwa ... ni mchezo mkubwa tu.",positive
Tumia pesa zako kwenye mchezo huu.,positive
Hii ndio aina ya pesa inayotumiwa vizuri.,positive
"Kweli, picha hizo zilikuwa nzuri wakati huo.",positive
"Kama wanasema katika Canada, huu ni mchezo wa kufurahisha, aye.",positive
Huu mchezo unatumbuiza,positive
"Inunue, icheze, jitumbuize nayo , ipende",positive
Ni UAHISI kamili.,positive
"Filamu inafanikiwa licha, au labda kwa sababu, bajeti ndogo.",positive
"Ninafurahi filamu haikuenda kwa chaguo dhahiri zaidi, kama filamu ndogo hakika ingekuwa nayo.",positive
"Kwa kuongezea kuwa na moja ya nyimbo nzuri zaidi ambayo imewahi kuandikwa, Kanada ya Ufaransa pia inajivunia moja ya wanawake wakubwa zaidi wanaowahi kuchukua neema kwenye skrini.",positive
Ni ngumu kutokuanguka kichwa-juu-visigino kwa upendo na msichana huyo,positive
"Wahusika bora, mstari wa hadithi bora, maonyesho bora.",positive
Anne Heche alikuwa akishawishi kabisa.,positive
Maonyesho ya Sam Shepard ya baharini ya mashoga yalikuwa mazito.,positive
Nadhani Tom Hanks ni muigizaji mzuri.,positive
Nilifurahia kusoma kitabu hiki kwa watoto wangu wakati walikuwa wadogo.,positive
Kuna mambo kadhaa kwa ujumla ndani yake.,positive
"Ikiwa unataka sinema ambayo sio mbaya lakini inakupa baridi, hii ni chaguo nzuri.",positive
Alexander Nevsky ni filamu nzuri.,positive
"Kwa jumla, filamu hiyo ni ya kuvutia na ya kusisimua.",positive
Upepo na Simba zimeandikwa vizuri na zimetenda kwa vitendo,positive
"Kwa kweli, yeye ni wa maajabu",positive
Ni aina ya kweli.,positive
Kwa kweli inafaa kuangalia.,positive
Maonyesho ya mara nyingi huwa ya kuchekesha na mara kwa mara yanagusa wahusika wanapotathmini maisha yao na wapi wanaenda,positive
"Ikiwa unatafuta sinema na filamu ya kutisha, muziki mzuri (pamoja na toleo la Shirley Jones la ""Njia Unaonekana Usiku""), na mwisho ulioinua, jaribu hii",positive
"Kitu pekee ambacho kilistahili kutazamwa ilikuwa mazingira na nyumba, kwa sababu ni nzuri.",positive
Sidhani utasikitika,positive
Lakini kwa suala la uandishi ni safi sana na ujasiri,positive
Niliipenda sana hiyo.,positive
10-Oct,positive
Niliipenda sana hii sinema,positive
Ningemshauri mtu yeyote aende akaione,positive
"Bado, napenda sinema hii kwa uwezeshaji wa wanawake; hakuna sinema za kutosha huko nje kama hii.",positive
Utendaji bora kutoka kwa Bi,positive
Ni vizuri pia kuona kwamba mwandishi mashuhuri wa skrini Frances Marion hajakosa hatua inayoenda kimya hadi sauti,positive
Utaipenda,positive
nimeipenda,positive
tumeipenda,positive
Sinema ambayo nilipokea ilikuwa filamu bora kwa miaka yake,positive
John Wayne alifanya kazi ya kushangaza kwa kuwa mchanga sana kwenye tasnia ya sinema,positive
Utendaji wake ni fikra tu.,positive
"Maisha ya Ray Charles yalitoa nyenzo bora za kibinadamu kwa filamu, ambayo inaendelea zaidi ya kuwa sinema nyingine tu juu ya mwanamuziki",positive
Hitchcock ni mkurugenzi mzuri.,positive
"Pili, Hitchcock alijitosheleza sana na kusisimua sinema",positive
"Nilivutiwa kabisa na muziki, densi ... kila kitu",positive
"Nilipoiangalia sinema hii mara ya kwanza, katika miaka ya 80, niliipenda.",positive
"Filamu inayo watendaji wakuu, mkurugenzi mkuu, mada muhimu - angalau mada muhimu, sauti ya chini ya uwongo wa ulimwengu wa hamsini, picha za angani ambazo zinapaswa kufurahisha hisia na mawazo, na wahusika juu ya ambayo mtu anaweza utunzaji mkubwa",positive
"Ikiwa nia nzuri ilifanya filamu kuwa nzuri, basi filamu hii inaweza kuwa moja ya filamu kubwa kabisa iliyowahi kufanywa",positive
"Bado, ninafurahiya kuiangalia.",positive
Hiyo ilikuwa nzuri.,positive
Hiyo ilikuwa ya kuchekesha,positive
"Vitu vyote kuzingatiwa, kazi imefanywa vizuri.",positive
"Sinema moja bora zaidi ya wakati wowote!, Na moja ambayo haieleweki, hata na mexican wenyewe, haijalishi wamegundulika jinsi gani",positive
"Ni safu ya maarufu kama mchezo wa kuigiza-uhalifu-wa-uhalifu, maonyesho ya ajabu na Belmondo na Lino Ventura",positive
"Usikivu unaopewa kila mhusika, na michoro tata za kisaikolojia, uaminifu wa kuelezea, hila, upendo, na tumaini, ni kubwa",positive
Kila kitu kuhusu filamu hii ni ya kushangaza sana.,positive
"Ni mchezo bora wa kuigiza, mtu mzuri, na filamu bora.",positive
Niliifurahia sana wakati Christopher Eccleston alipochukua udhibiti wa TARDIS na mwendelezo wa safu,positive
Kuna sehemu nyingi nzuri,positive
Kieslowski haachi kamwe kunishangaza,positive
Kumalizika kwa kushangaza kwa uwezekano wa TAKATIFU ??BORA ya wakati wote!,positive
"Yeye ni mmoja wa wakurugenzi niwapendao, na mmoja wa wakurugenzi wenye talanta zaidi katika historia ya sinema",positive
Sinema tatu za kupendeza zaidi ambazo nimewahi kuona,positive
Na viunganisho vyake haba kati ya filamu hizo tatu ni za kushangaza,positive
"Sikuweza kufikiria njia bora ya kumaliza filamu, lakini tabasamu usoni mwangu, njia nzuri ya kuunda filamu ya ajabu na trilogy!",positive
"Ninapendekeza hii kwa kila mtu anayependa filamu, sinema, chochote ... Kazi ya Sanaa!",positive
10 kati ya 10 kwa sinema na trilogy,positive
Nadhani nilikuwa mmoja wa watu ambao walipata hii moja ya lulu ya roth,positive
"utendaji wake, kama alivyo tuzwa, ilikuwa ya kushangaza.",positive
Hii ni sinema ya kufurahisha na ya kuchekesha.,positive
Katika eneo la ajabu sana liko hadithi ya tofauti.,positive
"hadithi ambayo iliambiwa waziwazi na Francis ford Coppola miaka 25 mapema, kweli hufunguka polepole na kuwaacha wahusika kukuza",positive
Katika eneo la ajabu kabisa liko hadithi ya tofauti,positive
Burudani ya kupendeza kabisa kwa pembe zote.,positive
"Kwa hivyo kwa starehe zetu tunapata kuwaona wakizunguka pande zote, wakicheza michezo, na kuwa hatari.",positive
"Inaangazia safu isiyo ya kukumbukwa, karanga nzuri lakini inayopendeza",positive
Hata ina wakati wake tamu,positive
Wahusika wote kwenye filamu hii wamechezwa vizuri sana.,positive
Na kweli niliwapata wanapendeza,positive
ni mzuri.,positive
Ni onyesho zuri la kutazama.,positive
Sitasahau kamwe sasa,positive
Nimefurahiya sana baada ya kuona sinema kama hii.,positive
Mwisho ni sawa kabisa ... utatoa machozi,positive
"kwa kweli, hii ni sinema nzuri sana",positive
ni ya kupendeza,positive
mimi nilipendezwa nayo,positive
Watoto ni wazuri sana pia.,positive
Lazima niseme nimeiga sehemu nyingi na ninajikuta nikizitazama tena na tena,positive
Sasa unajua kwanini niliipa 10+!,positive
"Sijui ni nini hasa juu ya sinema hii, lakini tulitegemea sinema hii inayopendeza na imekuwa sehemu maalum ya kumbukumbu za familia yetu",positive
Ninapendekeza kabisa sinema hii kwa mtu yeyote anayependa sinema nzuri za familia kwa sababu ndivyo hii haswa,positive
Hii ni moja ya sinema bora huko nje ambazo zinaonyesha dhamana kubwa ya kindugu ya kila mmoja kwa kila mmoja.,positive
Damian ana talanta sana na anashirikiana katika njia nyingi za uandishi na kuelezea Sifa tofauti kwenye skrini,positive
"Nimefurahiya kujua fikra za siku kama hizi ziko huko nje, ikiachilia matamanio ya Sanaa kumfanya aende na kutuchukua kama wasikilizaji pamoja naye.",positive
"Elias Koteas, Jack Palance anacheza majukumu mazuri Angelina yuko moto na anakuwa uchi.Billy Drago anaonekana katika hii na ni mzuri kama kawaida + aalio na Sven ole Thorsen husaidia kuifanya sinema hii ya kufurahisha sana na kaimu mzuri na bajeti nzuri",positive
Hii ilikuwa sinema ya kushangaza kiasi kwamba niliinunua kutoka kwa Ebay.,positive
"Niliipenda sana hadithi na dubu alikuwa mzuri sana.Lakini ikiwa kuna mtu ana swali kuhusu Fort Steele, uliza tu :)",positive
"Seti (iliyoundwa mahsusi kufanya kazi na kamera) ni ya kushangaza .... imeangaziwa, nzuri na nzuri.",positive
Wanaweza kutumiwa kama mifano kwa mbuni yeyote aliyeweka.,positive
"Baada ya kutazama filamu hii, nilitaka kujifunza zaidi juu ya kazi za msanii huyu",positive
"Ninapendekeza sinema hii kwa mtu yeyote anayevutiwa na sanaa, mashairi, ukumbi wa michezo, siasa, au historia ya Japan",positive
"Hapa, katika The Wind na Simba, tunaona toleo zuri la enzi ya Imperi ya Amerika",positive
"(Mama yangu na kaka walilazimika kufanya hivi) Nilipoona Robert Ryan akielezea aina hii ya mwanaume, ilikuwa kuiga mzuri sana wa aina hii ya mtu, na nilivutiwa",positive
"Kinachofanya hadithi hii kuwa tofauti ni maadili ya kweli ya utengenezaji - upigaji picha usio na kosa, muundo na uhariri - utaftaji wa kutisha - Brian Keith aliyethamini sana kucheza historia ya uonevu Teddy - na wazi.",positive
"Nadhani ilikuwa filamu bora ya Robert Ryans, kwa sababu alionyesha mtu kama baba yangu, na yeye alikuwa mtaalam katika maisha halisi, (baba yangu) ingawa hakuwahi kumuua mtu yeyote lakini aliathiriwa zaidi wakati wa vita vya pili vya ulimwengu ambavyo vilimfanya kuwa mbaya zaidi.",positive
Sinema nzuri inamfanya yeye na Monica Bellucci kuonekana warembo sana.,positive
Maoni mazuri ya mapenzi ya leo na bila shaka ni filamu inayostahili kuona.,positive
"Kwa watu ambao ndio kwanza msimu wa kutengeneza filamu, nadhani walifanya kazi nzuri zaidi!",positive
"Ilikuwa maarufu sana wakati nilikuwa kwenye sinema, nyumba nzuri na athari nzuri na kucheka sana.",positive
Ni filamu ya kujisikia vizuri na ndivyo nilihisi wakati nilipotoka kwenye sinema!,positive
Mimi badala yake nilifurahia,positive
Vivian Schilling alifanya kazi nzuri na maandishi,positive
Ulimwengu bora kuliko 95% ya takataka kwenye sinema leo,positive
Jukumu lake lilichezwa vizuri,positive
Kamera inampenda sana kwenye sinema hii.,positive
"Sinema hii ni bora! Malaika ni mzuri na Scamp ni wa kupendeza! Ilipunguza wakati anaogopa, na sehemu za kufurahisha ni wakati: Scamp amekamatwa chini ya pazia na wakati Malaika na Scamp wanaimba ""Sijawahi Kuhisi Huo Kabla."" Ninapendekeza kabisa sinema hii, ikitoka toleo maalum mnamo Juni 20. Jalada limejaa kwenye kontena la takataka na Malaika chini ya kifuniko.",positive
"Sauti ya sauti haikuwa mbaya, vile vile",positive
"Bado, ilikuwa SETS ambayo ilipata ""10"" kubwa kwa kiwango cha ""oy-vey"" yangu",positive
Wote wanafanya kazi nzuri na wanapendeza,positive
Dakika 15 za mwisho za sinema pia sio mbaya pia.,positive
"Ninapenda Armand Assante & muhtasari wa kampuni yangu ya cable ulionekana wa kufurahisha, kwa hivyo niliiangalia, mara mbili tayari, na labda itakuwa tena",positive
Ninaamini mwandishi wa skrini alifanya kazi nzuri ya kumfunga mwisho.,positive
Alama yangu ya 8/10 ni zaidi kwa njama.,positive
"Sitasema tena - sipendi nyara, kwa hivyo sitaki kuwa mmoja, lakini ninaamini filamu hii inafaa wakati wako",positive
Nilivutiwa sana na tabia aliyocheza.,positive
"Nilipenda sinema hii ilikuwa taswira nzuri ya familia ambayo ilikuwa imepitia dhiki na faraja, lakini mwisho wao walijua kuwa upendo maalum walikuwa nao kwa kila mmoja.",positive
"Nimeona sinema nyingi zikimwigia nyota Jaclyn Smith, lakini mungu wangu hii ilikuwa moja bora kwake, ingawa ilitoka miaka 12 iliyopita",positive
"Sinema hii ilikuwa na wahusika wa nyota zote, na kile nilikipenda zaidi ni kwamba ilifungua macho yangu kuona waigizaji wengine ambao sijawahi kuona hapo awali.",positive
"Sinema hii ilikuwa ya muda mrefu, lakini nilifurahia kila dakika yake.",positive
Kwa jumla nipitisha sinema hii kwa kiwango cha 10 kati ya 1-10,positive
"Sinema hii inaunda ulimwengu wake mwenyewe, na inavutia kwa kila njia.",positive
Lakini sinema hii ilinijia kweli,positive
itizame,positive
Sinema hii ni maoni mazuri na ya kuchekesha juu ya maisha mnamo 2006,positive
"Nilipata sinema hii ikiwa nzuri, ya kufurahisha, na yenye kuinua moyo.",positive
"Hapo awali maeneo ya ndani kwenye filamu, ambayo yalipigwa picha hapa Buffalo, yalinishangaza",positive
Watazamaji wote walishangilia mwisho wa filamu,positive
"Niliacha ukumbi wa michezo na sauti katika hatua yangu, furaha moyoni mwangu na tumaini la wanadamu.",positive
Duris ana muonekano mzuri na anatoa utendaji mzuri,positive
Wahusika wengine wote pia hucheza vizuri.,positive
waigizaji ni wazuri,positive
Sinema ni muhimu kujumuisha maoni mazuri ya Barcelona na minara yake maarufu ya Gaudi.,positive
ongeza betty white na jean smart na una waigizaji wakubwa - kila mtu alicheza sehemu zao vizuri.,positive
STEAMBOAT WILLIE ni filamu ya kushangaza katika historia yetu ya sinema.,positive
Muonekano huu wa pili wa Mickey Mouse (kufuatia kimya cha Plane CRAZY mapema mwaka huo) labda ni filamu yake maarufu - zaidi kwa sababu ilikuwa ya kuvunja sana,positive
"Walakini, baada ya kuona fupi tena baada ya miaka kama 25, nilishangazwa na jinsi filamu hiyo haina wakati",positive
filamu hii bado ni kati ya filamu bora za Mickey hata baada ya miaka 80 ya ajabu,positive
"Inafurahisha kuona Mickey akicheza ""Uturuki katika Straw"" kwa njia ya kufikiria sana (ikiwa mara kwa mara ni kali)",positive
Mwili na Nafsi (1947) ni Kito,positive
"John Garfield, Ann revere, Lilli Plmer, William Conrad, Canada Lee ... na kutayarishwa na mmoja wa waandishi wa sinema kubwa kuwahi neema kwenye skrini..James Wong Howe",positive
"Sawa, napenda kujiona kuwa mkosoaji mzuri, kwa hivyo nitatoa mkopo kwa sababu ya deni - athari za kiumbe zilikuwa nzuri sana",positive
Nafasi ya pekee ya filamu hiyo ilikuwa ni Yona Hill (ambaye ataonekana kutofahamika kwa mashabiki wa Superbad ya hivi karibuni kutokana na uzito uliopotea mwakani).,positive
"Kwa kuwa mtoto wa 90, nilifurahia onyesho hili na naweza kusema kwa fahari kwamba nilifurahiya wakati mwingi na hata zaidi ya katuni za classical WB",positive
"Lakini ""Tiny Toons"" zilishika vibe ya 90 na kutoa moja ya katuni maarufu zaidi, za kuchekesha, ",positive
Kumbukumbu ni ngumu lakini ninaweza kusema tu kuwa nilifurahia kila sehemu na bidhaa zinazohusiana na onyesho,positive
Kila mhusika alikuwa wa kuchekesha sana na alistahili kuwa mhusika wa kuongoza,positive
Ninaamini kuwa Pitch Black ilifanywa vyema,positive
"Wahusika wanavutia na unataka kujua zaidi juu yao sinema inavyoendelea, na nadhani watu watashangazwa na ni nani anayeweza na asiyeweza",positive
Nenda uiangalie!,positive
Inafurahisha sana,positive
Wahusika wanapendeza na unawajali sana,positive
Usikose,positive
isikupite,positive
"Aina ya papo hapo, yenye sauti nzuri na wimbo wa kuvutia wakati wa sifa za kumaliza",positive
"Hii ni sehemu nzuri ya utengenezaji wa filamu, na mada nyingi zinapanda na mara kwa mara zinawaka katika warti huu na masomo yote juu ya ushairi wa miaka ya ushairi, miaka ya vita ya kujipenyeza ambayo hupiga milipuko ya angani ya London na utulivu wa nje wa makazi ya pwani ya Welsh. - Mida ya mipaka kati ya urafiki, tamaa na upendo, kujitolea kwa sanaa na uzoefu dhidi ya wasiwasi wa vitendo, wivu, mashindano, woga na ubinafsi dhidi ya ushujaa na kujitolea na zaidi.",positive
"Niliona filamu hii wakati wa Krismasi, na ilikuwa filamu nzuri sana!",positive
Nilidhani Errol Flynn alikuwa kipaji kama Custer na tangu amekuwa mwigizaji wangu ninayempenda!,positive
"Siku zote nilikuwa najua kuwa Errol Flynn alikuwa muigizaji mzuri kama yeye alikuwa mwigizaji wa baba yangu anayependa sana, na nilikua nikitazama sinema zake nikiwa mtoto",positive
Kuigiza kwake pamoja na Olivia De Havilland kulikuwa na kipaji na mwisho wake ulikuwa wa kupendeza!,positive
Nitapatia filamu hii 10 kati ya 10,positive
Lakini haikuwa mpaka nilipotazama filamu hii ambayo niligundua jinsi alivyo mkubwa,positive
"Jimmy Stewart ni shujaa mkubwa wa Hitchcock, hadithi inaruka hadi kilele chake kwenye kazi ya ubalozi, lakini inakosa hatari ya kushughulikia nyeusi na nyeupe, ya bajeti ya chini ya Hitchcock.",positive
Bado filamu nyingine nzuri kutoka kwa kampuni kubwa ya bwana.,positive
Lazima niseme kwamba filamu hii ilitengenezwa vizuri na hufunika makadirio kama filamu ya kawaida ya sci fi!,positive
Imetengenezwa vizuri na mmoja wa wazalishaji bora wa Sci-fi Scot Vandiver,positive
"Lakini ni ya kufurahisha, hata hivyo",positive
Ni aina ya kambi ya filamu ambayo ni furaha kutazama,positive
walinifurahisha sana,positive
nilifurahi kumuona inspekta mwala akitubuiza.,positive
waigizaji daima ni wa kufurahisha kama kawaida.,positive
Sinema hii inafanya kazi nzuri ya kufunua ugumu wa kazi hiyo na changamoto kubwa inayowakabili Afrika Kusini.,positive
Ninaamini kila mmoja anapaswa kuona sinema hii kwa sababu nadhani ni watu wachache nje ya Afrika Kusini wanaelewa zamani zake na kile kinachojaribiwa katika mchakato wa Ukweli na Maridhiano,positive
Utendaji bora,positive
"Ni kweli sana kwa Shakespear, na 'ni ya lazima' kwa Mashabiki wote wa Shakespear",positive
"Ikiwa unapenda kifo na kuoza, na nyimbo za Shakespears ... hii ndio hiyo",positive
"Huu ni muundo mzuri na wa kupendeza wa kitabu cha Dk Seuss, kilichochochewa sana na UPA bora na unastahili kabisa tuzo yake ya Chuo.",positive
"Kutajwa maalum inapaswa kufanywa kwa alama nzuri zaidi ya muziki na athari za sauti, ambayo ni nyenzo muhimu katika kusaidia kufanya hii katuni ya kukumbukwa na ya kufurahisha",positive
"Walakini Paul Schrader kwa kweli ametoa filamu ""kuhusu"" Mishima ambayo ni nzuri sana na ngumu",positive
sio mbaya,positive
si mbaya,positive
Hii ni sinema ya kushangaza,positive
Juliusan Fellowes ameshinda tena.,positive
Maonyesho ya angani yalifanywa vizuri,positive
Hii ni moja ya filamu za Peter Watkins zinazopatikana zaidi.,positive
Ninakushauri utafute,positive
Hautajuta!,positive
Uhamisho ni mzuri sana,positive
Seti ya kuvutia inayotumiwa katika filamu nyingi ni vito vya kupendeza macho.,positive
"Sinema imejaa densi ya ajabu muziki fulani mzuri, na mazingira mazuri ajabu",positive
Mzuri sana,positive
"inashughulikia maswala magumu kwa hadhi na neema, na, kwa kweli, ina furaha, ajabu, kuhisi kuishia vizuri",positive
Ni moja wapo ya sinema lazima nitizame kila inapotokea kwenye TV ... usijali ukweli kwamba tayari nimeikariri,positive
Niliona filamu hii na ninaipendekeza,positive
"Ina njama nzuri sana, inashikilia umakini wako kamili, kaimu ni bora, Tom Wilkinson alikuwa mzuri na Emily Watson pia alikuwa mzuri sana.",positive
"Filamu nzuri sana kweli, juu ya upendo mkubwa na usio na masharti",positive
"mhusika wa  Emily Watson ana nguvu sana, na anapaswa kutoa mtazamo wa haraka tu na unaelewa kila kitu.",positive
"Kwa kweli, niliipenda zaidi kuliko Mahojiano na Vampire na nilipenda hii Lestat (Stuart Townsend) bora kuliko jaribio la Cruise.",positive
"Licha ya mikusanyiko ya wahakiki, nilipenda filamu hii",positive
"Aailiyah alikuwa mzuri kama Akasha, katika sehemu za kulazimisha",positive
"Mimi ni shabiki mkubwa wa safu hii zaidi kwa sababu ya mtindo wa Anne Rice, unyeti na matibabu",positive
Nadhani nilipenda maelezo ya dysfunction yake - alikuwa wa kuaminika,positive
Vipindi vya mpira wa miguu mwishoni vilikuwa vinashangaza,positive
Lakini nilifikiria uigizaji wake ulikuwa na ustadi,positive
Filamu nzuri sana yenye hisia nzuri na moyo.,positive
Filamu hii ya mapema kutoka kwa mjumuia wa baadaye Lucio Fulci ni nyongeza nzuri kwa aina ndogo ya giallo,positive
Tisa kati ya kumi kwa filamu ya kupendeza,positive
Meredith M alikuwa bora kuliko sawa,positive
Hii ni moja ya washambuliaji bora wa Italia wa miaka ya mapema ya 70.,positive
"Kitaalam, filamu hiyo imetengenezwa vizuri na kazi ya kuvutia ya kamera, kazi ya uigizo na muziki mzuri kutoka kwa Riz Ortolani - haswa nzuri ni sauti ya mara kwa mara isiyoambatana ya kike ambayo inaonekana kama inatoka kwenye kilima cha mbali.",positive
Bado ni vitu vya mwitu ingawa na inashauriwa sana kwa mashabiki wa sinema ya giallo.,positive
Sinema hiyo ilikuwa ya kupendeza sana tangu mwanzo hadi mwisho.,positive
Nilipenda jinsi mhusika wa Dustin Hoffman ilikuwa tayari kufanya karibu kila kitu ili kukaa na mtoto wake.,positive
Sinema hii pia inafafanua.,positive
ilifafanuliwa vyema,positive
ilifafanuliwa vizuri,positive
"Ni athari mpya, hila, na bora.",positive
"Mhakiki wa Italia aliiita hii ""filamu ndogo, kubwa,"" na hiyo ni kweli.",positive
"Waigizaji wote hutoa utendaji mzuri sana, haswa Jennifer Rubin kama Jamie Harris, ambaye hubadilika kutoka gombo la habari mwanzoni kupitia matukio ya kushangaza ambayo yeye ni sehemu ya nyota nzuri",positive
"Mwanamuziki, mwigizaji na mpishi hodari",positive
"Unajifunza mengi juu ya hisia za ndani za watu kwenye sinema hii, na mengi juu ya biashara ya sinema yenyewe",positive
huwezi sahau filamu hii,positive
Hautasahau sinema hii!,positive
Pia muziki na Mark Snow ndio alama bora kabisa ambayo nimewahi kusikia,positive
"Niliona nikiwa mtoto kwenye TV mnamo 1973, wakati ilikuwa ""Mgeni"" na niliipenda.",positive
10-Oct,positive
Ninapenda sinema za Scream na sinema zote za kutisha na hii inaongoza huko,positive
"Nilipenda, ilikuwa ya kutisha sana",positive
Sinema hii ni ya kushangaza sana!,positive
Hii ni filamu ya ajabu,positive
"Filamu hii inadhihirisha dosari za msingi za mchakato wa kisheria, kwamba sio juu ya kugundua hatia au hatia, lakini, ni juu ya nani anayewasilisha bora mahakamani.",positive
"Filamu hiyo imeandaliwa vizuri, imepigwa chini na ni moja ya kumbukumbu bora ya mahakama",positive
Hii sinema ya Runinga inayozingatia ukweli hupata kuongezeka kutoka kwa utendaji mzuri wa Cole,positive
Yeye hubeba sinema vizuri,positive
Constantine anapea kila kitu nguvu inayofaa na anaonekana kuwa na uelewa mzuri wa misukumo ya kisaikolojia,positive
"Ni nzuri na ya kusisimua kutazama, na ninatumahi kuwa itatolewa tena kwa video au DVD",positive
Kuhariri: Uhariri wa filamu hii ulikuwa wa kushangaza kwa maoni yangu,positive
Sinema: Filamu ilipigwa kwa njia ya kupendeza.,positive
Filamu hii hutoa furaha nyingi na mshangao.,positive
"Wakati Achille na Philippa wakiimba vizuri densi kutoka kwa ""Don Giovanni"" ambayo inaelezea hali yao kikamilifu katika sinema, unathamini tabaka ndogo za filamu hii bora.",positive
Hadithi hiyo inajitokeza katika karne ya 18 Jutland na utumiaji wa muziki wa kipindi uliochezwa kwenye vyombo vya kipindi ni mguso mmoja tu mzuri,positive
Unashiriki furaha kubwa ya General Loewenhielm katika kushiriki kwake kwa Cailles en Sarcophage hata ikiwa unatazama sinema tu - lakini unatamani sampuli ndogo tu ya kunukia.,positive
Lakini filamu hii inaacha maoni ya kudumu,positive
Hitimisho - Nilipenda,positive
Ni muda mrefu tangu niliburudishwa na sinema,positive
"Angalia maneno yangu, hii ni moja ya sinema hizo za ibada kama Evil Dead 2 au Phantasm ambayo watu watakuwa wakigundua na kuipendana miaka 20, 30, 40 inayokuja",positive
"Inashangaza kwamba filamu hii nzuri ilitengenezwa mnamo 1949,",positive
"Filamu inastahili kudos kali kwa kuchukua msimamo huu, kwa kuwa na uigizaji wa kipekee kutoka kwa wahusika wasiojulikana zaidi na maandishi yenye busara ambayo hayatusi watazamaji au kuchukua njia rahisi ya nje inapofikia ubaguzi wa rangi nyeupe. ",positive
inafanya kazi ya kushangaza!,positive
Juano Hernandez (muigizaji wa kipekee aliyecheza majukumu ya kuunga mkono katika filamu nyingi za enzi hizo) ni mtu mweusi mwenye kiburi ambaye anatuhumiwa kumuua mzungu huko Kusini.,positive
NAPENDA LUCY,positive
ione pamoja na watoto wako ikiwa una nafasi - itafungua mazungumzo ya kushangaza kuhusu jinsi uhusiano wa rangi umekuja katika miaka 50 iliyopita,positive
Tazama filamu zote mbili ikiwa unaweza,positive
"Ilikuwa mwaka huo, hata hivyo, ambayo ilitukumbusha kwamba Huston alikuwa bado juu ya mchezo wake kama ilivyothibitishwa na uvumbuzi wa riwaya ya James Joyce",positive
Sinema hii labda ni moja ya kazi ya ubunifu wa kutisha milele,positive
"athari maalum za kuvutia, siwezi kupendekeza sinema hii ya kutosha",positive
mwisho wake ni wa kushangaza sana.,positive
"Sehemu bora kwenye sinema iko mwisho,",positive
Filamu isiyosahaulika kwa urahisi.,positive
"Lakini, Kevin Spacey ni tsunami bora, ya maneno kama Buddy Ackerman - na anaaminika kabisa kwa sababu yeye ni muigizaji mzuri",positive
Maandishi ya ucheshi wa hila hayawezi kulinganishwa na sinema yoyote katika miaka ya hivi karibuni.,positive
Wahusika wanavutia,positive
Sinema nzuri!,positive
Linda Cardellini ndiye kitu kizuri katika filamu hii.,positive
yeye ni wa kushangaza,positive
"Ukweli ni kwamba filamu hii ni hadithi ya ajabu, yenye kufurahisha juu ya watu wawili ",positive
"Kuna, hata hivyo, kaimu mzuri kabisa (angalau, kwa aina hii ya filamu)",positive
Niliona filamu fupi hii kwenye HBO siku nyingine na niliipenda kabisa.,positive
Sikugundua jinsi ya kifupi ni nzuri sana hadi sura mbili za mwisho,positive
Filamu fupi bora,positive
"Nakubaliana na Jessica, sinema hii ni nzuri sana",positive
"Natumai, mkurugenzi James Cox anaweza kugeuza fupi kuwa filamu ya urefu wa filamu na filamu moja, au kutushinda na filamu mpya.",positive
Paolo Sorrentino ameandika hadithi nzuri juu ya upweke na Tony ameunda mhusika asiyeweza kusahaulika zaidi kwenye sinema katika miaka ya hivi karibun,positive
Ninapenda sinema hii 9/10.,positive
Ana moyo mkujufu,positive
Wahusika wakuu wawili wanaweza kuwa watoto wawili wanaoaminika sana ambao nimewahi kuona wakiwekwa kwenye skrini,positive
"Haipuuzi kamwe, wahusika wote wana mioyo nzuri ya kweli na shida za kuaminika.",positive
"wao ni rahisi kupenda, lakini pia ni rahisi kujitabulisha nao",positive
Sinema hii ni nzuri - haswa ikiwa unafurahiya sanaa ya kuona,positive
Hadithi hiyo pia ni ya kuchekesha na yenye hisia wakati mwingine.,positive
"Watu ambao wanapenda filamu za Ulaya na ""sinema za sanaa"" watapenda sinema hii",positive
"Ni sinema moja ambayo huwa haikosi kunipendeza, kwa sababu inanifanya niwe macho, ninapojaribu kujaribu kungamua maana yake.",positive
"Lakini ikiwa ulipenda sinema kama The Matrix (na bora zaidi, safu zao) nadhani utathamini uzoefu unaofurahisha, mzuri wa mawazo wa filamu hii utakupa",positive
ni nzuri tu,positive
inapendeza kweli,positive
filamu hiyo ni ya kupendeza,positive
Mzuri tu,positive
Lakini ilichukua kasi na ikafika sawa,positive
ilinifurahisha sana,positive
Nilifurahia,positive
Nimeipendekeza kwa marafiki,positive
Nilifurahishwa sana na uwezo wa kaimu wa Dwight Schultz,positive
"Mazungumzo ya filamu ni ya asili, halisi kwa maisha.",positive
Mashabiki wa aina hiyo watakuwa mbinguni.,positive
Lange alikuwa mwigizaji mzuri.,positive
Ilionekana kama hadithi ya ajabu,positive
"Mlolongo wa ufunguzi wa gem hii ni ya asili, na michezo ya paka na panya inayofuata ni ya kufurahisha kutazama",positive
imependekezwa kwa ujasiri,positive
Sinema hii inasawazishwa vizuri na vichekesho na mchezo wa kuigiza na nilijifurahisha sana.,positive
Bado ni ya kuvutia sana na ya burudani kufuatilia,positive
Yeye ni mzuri kama kawaida,positive
"Ikiwa haujaona sinema hii, ninapendekeza!",positive
Ninaendelea kuitazama mara kwa mara,positive
"Ni sinema ya kusikitisha, lakini nzuri sana.",positive
Judith Light ni mmoja wapo wa waigizaji niwapendao na nadhani anafanya kazi nzuri sana kwenye filamu hii!,positive
Ni Sinema ya Televisheni iliyofanywa vizuri sana,positive
"Halafu niliitazama tena Jumapili mbili zilizopita (Machi 20, 2005) na nilianza kuifurahia sana na wakati huu niliiga kitu nzima",positive
"Fikiria hadithi bora tu, kaimu thabiti na mwonekano wa filamu kama mafao yaliyoongezwa.",positive
"Bado, hufanya kwa haya yote na mwisho mzuri ambao unaonyesha chombo kikubwa cha baharini kinachukuliwa na baridi kali",positive
Team 2019...merimera alikuwa takataka,negative
Sijafurahishwa,negative
Kubuni Dosari?,negative
"Bila kusema, nilipoteza pesa zangu.",negative
Sema kupoteza pesa na wakati,negative
"Ubunifu ni isiyo ya kawaida sana, kwani kipande cha sikio sio kizuri sana hata.",negative
akili yako imeoza,negative
Aki si maisha ni magumu,negative
Enyewe safaricom ni wezi,negative
Mtandao duni. hata line yao niliweka nyuma ya simu yangu...natumia airtel,negative
Mtandao wenu wa 4g ni mbaya sana siku hizi tafadhali rekebisheni,negative
Safaricom si muache kucheza na mkopo wa nambari yangu tafadhali. mnanifilisisha??????,negative
hauna haki,negative
"nyinyi mimi nilinunua laini yenu miaka 20 iliyopita, hata peremende sijawai pata, gai hata mtu akioa bibi miaka hiyo yote sianamzalia...heeeee , nengereni cia maitho, kari gani",negative
Siwezi kuona jinsi sinema hii inavyoweza kuwa msukumo kwa mtu yeyote kushinda woga na kukataliwa.,negative
Ni mbaya sana ni kweli inafaa kuona kwa sababu hiyo.,negative
Muziki mdogo sana au kitu chochote cha kuzungumzia,negative
Bado mtaishi kuwa wakora ata hii ofa labda kuna kakitu mnaiba  haha...,negative
Nimepoteza masaa mawili,negative
Inaweza Kutabirika kidogo.,negative
sikuipenda mimi,negative
mimi sipenda ujinga,negative
"Ilikuwa na kaimu ya wastani kutoka kwa mtu mkuu, na ilikuwa bajeti ya chini kama unavyoweza kuona wazi.",negative
Picha ni mbali na sehemu bora ya mchezo.,negative
Leo picha ni ujinga.,negative
Hili lilikuwa haribifu la dhabiti kutoka kwa mawazo yake,negative
Sikuvutiwa hata kidogo.,negative
Haisisimui hata kidogo,negative
Lakini hata Carrell mwenye talanta hawezi kuokoa hii.,negative
Hadithi yenyewe ni ya kutabirika tu na ya uvivu.,negative
"Lakini chochote kile ambacho kiliwagharimu sana, hakikuitafsiri kwa ubora, hiyo ni kwa hakika.",negative
"Kwa hasi, ni ya kutosha kusababisha majuto kwa masaa mengine mawili ya maisha yaliyopotea mbele ya skrini",negative
"Muda mrefu, mwepesi na hauna maana.",negative
"Lakini napendekeza subiri juhudi zao za baadaye, acha hii iende.",negative
Nilikatishwa tamaa katika sinema.,negative
Hakukuwa na joto au haiba yoyote kwa picha hizi au wahusika.,negative
Sinema hii inaoga kabisa kwenye mishipa yangu,negative
"Na, kwa uaminifu kabisa, mara nyingi sio nzuri sana.",negative
"Mara nyingi mazungumzo hayafuati kabisa kutoka kwa mstari mmoja hadi mwingine, au inafaa mazingira",negative
"Nisingesema wanafaa masaa 2 ya wakati wako, ingawa",negative
Shida ilikuwa maandishi.,negative
Ilikuwa ya kutisha,negative
Tuhuma tu ambayo nilikuwa nahisi ilikuwa ni kufadhaika kwa jinsi wasichana walivyowashukia,negative
HAKUNA kitu cha kuaminika juu yake kabisa.,negative
"Kwa kweli, baada ya Klabu ya Pamba na Kutokuwa mwaminifu, ilikuwa ni aibu kuona Lane na Gere kwenye filamu hii, kwa sababu ni MBAYA",negative
"Kitendo kilikuwa kibovu, mazungumzo hayakuwa ya kina na ya udanganyifu.",negative
Inasikitisha sana,negative
Kuelekeza na sinema sio nzuri kabisa.,negative
Saa na nusu napenda ningeweza kurudisha,negative
Uongozaji unaonekana kuwa wa kawaida sana.,negative
Na kwa ujumla mistari na njama ni dhaifu kuliko sehemu ya wastani.,negative
"Walakini, hii haikufanya kwa ukweli wa jumla, hii ilikuwa sinema ya kuchosha sana.",negative
Kulikuwa na dakika kadhaa kwenye sinema ambazo hazihitaji tu kuwa hapo na zilikuwa zikisonga polepole.,negative
"Siwezi kuamini kuwa waigizaji walikubali kufanya ""filamu"" hii.",negative
"Hii ilikuwa kumbukumbu mbaya ya ""Harusi ya Marafiki Wangu Bora""",negative
Sikuweza kustahimili hata kuitazama kwa muda mrefu sana kwa kuogopa kupoteza IQ,negative
"Sinema hii ni janga safi, hadithi ni ya kijinga na uhariri ndio mbaya kabisa ambao nimeona, unachanganya sana.",negative
"Ni kupoteza saa na nusu ya muda, kufuatia rundo la watu wazuri sana kulia na kulia juu ya maisha",negative
"Niliona ""Mirrormask"" jana usiku na ilikuwa uzoefu usioridhisha",negative
"Kaimu ni mbaya, na uandishi ni mbaya zaidi.",negative
Nililipa sana,negative
"Tena, hakuna mpango hata",negative
Hakuna mpango wowote,negative
Mbaya,negative
HAKUNA KIWANGO AU HABARI !!,negative
Nachukia sinema kama hizo,negative
Namaanisha hii kwa njia mbaya,negative
"Hii ni filamu mbaya, iliyo na uandishi mbaya, na watendaji wazuri .... katuni mbaya iliyotengenezwa na Paul Haggis kwa watu ambao hawawezi kushughulikia chochote isipokuwa viboko vya ujasiri katika kusimulia hadithi .... picha iliyochorwa na makrayoni.",negative
Ilikuwa jambo nzuri kwamba tikiti hugharimu tu dola tano kwa sababu ningekuwa wazimu ikiwa ningelipa $ 7.50 ili kuona ujuaji huu.,negative
Kila kitu ni cha kutisha.,negative
Filamu hii haina huduma za kukomboa,negative
Hadithi ni zaidi ya kijinga,negative
Watoto wanachukiza.,negative
Nitasema tena - hii ni mateso.,negative
"Huo kabisa bila sifa yoyote, hii ni sawa na kuteswa",negative
Mtu anayeongoza hana dhamana.,negative
Labda kungekuwa na maelezo ya kuridhika kwa udhalimu huu.,negative
Sio safari ya kupendeza ya kujitambua,negative
"Ndio, ni mbaya sana",negative
Hakuna chochote cha kupendekeza,negative
"Sinema hii iliteseka kwa sababu ya uandishi, ilihitaji tuhuma zaidi",negative
Sinema hii ni mbaya,negative
Mbaya sana,negative
Kwa kweli hii ni moja wapo ya zile mbaya.,negative
Uwepo wake kwenye skrini uliangaza mawazo hata kama kulikuwa na watendaji wengine wakuu kwenye skrini na yeye,negative
Sioni kweli jinsi mtu yeyote angefurahiya sinema hii,negative
"Labda ingekuwa bora ikiwa mkurugenzi hangetumia wakati mwingi wa sinema kuonyesha kazi yake mwenyewe ya sanaa, ambayo sio ya kushangaza sana",negative
Usipoteze wakati wako.,negative
"Walakini, hivi majuzi nilitazama kitu hicho tena kwenye DVD, na nilipigwa macho kabisa na jinsi hadithi ya hadithi ilikuwa ya kijinga - jinsi ilivyokuwa na mashimo, kutokubaliana na - kusema ukweli - ujangili mwingi - na jinsi dansi hiyo ilivyokuwa.",negative
Mishima haifurahishi sana,negative
Kwa hivyo hadithi nzima haina nguvu fulani.,negative
Kwa kushangaza mimi hupata sinema zake kupoteza muda mwingi kutazama,negative
Maendeleo ya mhusika pia hayapatikani kwa kina.,negative
"Ninamaanisha, katika ulimwengu wa kweli, asingeweza kuingia kwenye kumbukumbu hiyo ya ballet ... Jambo lote lilikuwa ni ujinga kabisa",negative
"Mazungumzo mabaya zaidi, yaliyo wazi kabisa ... ningeweza kuendelea na kuendelea",negative
"Kwa kusikitisha, filamu hiyo inashindwa",negative
"Sinema haina upendeleo wa kuona, mchezo wa kuigiza, usemi wa hisia, na maadhimisho ya uzalendo ambao unasisitiza hadithi hiyo",negative
Hakuna mwigizaji ambaye ametumika vibaya zaidi kwamba Juni Allison kwenye sinema hii,negative
"Kwa bahati mbaya, hii ni sinema mbaya ambayo ni mbaya kabisa",negative
"Lakini sinema hii sio ya kuchekesha, ukizingatia ujinga wake.",negative
Nilitoka ndani nikisikia hasira,negative
Sina uhakika alikuwa anajaribu kufanya nini na filamu hii,negative
Ikiwa ilikuwa kugeuza hisia zangu za siku njema kuwa usiku wa kumbukumbu zinazosumbua kuliko nadhani alifanikiwa,negative
"Ililazimishwa, kama kila kitu kwenye sinema hii",negative
Nilipoiona kwenye ukumbi wa michezo nilidhani nitakuwa mgonjwa.,negative
Ukadiriaji: 1 kati ya 10,negative
Kwa kweli nilitapika nikitazama filamu hii.,negative
Natafsiri sinema kwa ajili ya kuishi na hii ni sinema ya kwanza katika uzoefu wangu wa miaka 5 wa kufanya kazi ambao nimepata kukosoa akili yangu,negative
"Kwa wale wanaopata sinema hii kuwa ya akili au hata ya ustadi, naweza kusema tu - ni akili yako na fikira zako waziwazi ulizoea kujaribu na kufanya hisia za jaribio hili la kusikitisha (ni kwa asili yetu ya kibinadamu kujaribu na kufanya hisia za mambo)",negative
"Lakini wakati mtu anajitahidi kwa ukuu na ushairi, lakini akiwasilisha hadithi ya matope (na mara nyingi ni ujinga), kundi la visa tofauti, mazungumzo ya udanganyifu ... Halafu unapata aina mbaya zaidi ya sinema ambayo mhakiki wengine alielezea kwa usahihi kama ""dharau"" ujanja ",negative
"Jambo moja zaidi: Naweza kuvumilia usahihi wa kisiasa vizuri, mimi ni wote kwa uhuru wa kisanii na kusimamishwa kwa kutokuamini, lakini tabia ya kike ya Slavic ilikuwa tu sana.",negative
Mipangilio ya Malta ni kavu na tasa kama mazungumzo,negative
Sinema hii ni mbaya,negative
"Kwa wale ambao hawajaiona, usipoteze wakati wako",negative
Kuiita sinema hii mchezo wa kuigiza ni ujinga!,negative
Nilianza kutizama hii lakini sikuamini mhusika yeyote,negative
Hasa uhusiano kati ya msaidizi wa mkate na kijakazi haukufanya kazi kwangu kabisa,negative
nimefurahi sikulipa kuiona.,negative
Sikucheka au hata kutabasamu mara moja,negative
Kila kitu kuhusu sinema hii ni kijinga.,negative
"Hata kama unapenda sinema mbaya, usitazame sinema hii.",negative
Ni aibu.,negative
"Wahusika mpya hawakuwa wa kukumbukwa kabisa, na nilijikuta nikisahau ni nani",negative
Nilihisi kana kwamba kwenda kwake Ireland hakukufanya chochote.,negative
"Haikuniogopesha,wala kunishtua , au kunifanya niwe na huruma kwa wahusika; ilikuwa ya kukasirisha tu",negative
"Kulikuwa na majaribio machache ya huruma kuwapa wahusika kina kirefu, lakini haikufanya kazi kabisa katika mpango wote uliobaki",negative
"Ikiwa utaiona, labda unapaswa kuiacha kwenye rafu.",negative
Lucy Bell ni juu sana kuliko ujinga huu na kwa yeye kuzama kwa hali ya chini hii ni ya kufadhaisha.,negative
Karibu nyimbo zote kwenye Cover Girl ni za zamani na sio za kufurahisha.,negative
Jambo la kuchukiza juu ya 'Msichana wa Jalada' ni njia ambayo Rita Hayworth amewekwa juu ya msingi,negative
"Kwa bahati mbaya, 'Cover Girl' ni kielelezo cha jinsi Hollywood ilivyokuwa ikiwatumia wanawake kwa faida ya kifedha.",negative
Mbaya zaidi kuliko Ticker!,negative
& Sinema hiyo ilikuwa mbaya.,negative
Sikuweza kuzichukua kwa uzito.,negative
"nilipenda majengo 3 ama 4 tu yaliyotumiwa, labda maeneo kadhaa , & duni hummh!",negative
"Natamani ningeweza kuingiza maadili hasi, admins?",negative
"Seti ni mbaya sana, haingeonekana kuwa nje ya mahali kwenye sehemu ya Thunderbirds.",negative
"Matumizi ya mwendo-polepole hujirudia yenyewe kwenye sinema lakini imeungwa mkono na kaimu mbaya (na mbaya ni neno fadhili hapa), hakuna mwendelezo, picha ambazo zimetupwa bila sababu yoyote, magari ambayo yalionekana kama yalitengenezwa kutoka kwa sanduku la Corn Flakes na mtindo wa kuelekeza uliopakana na ujinga.",negative
"Ah ndio, na hadithi ilikuwa ya kusikitisha pia",negative
Ninachukia kuandika hakiki mbaya juu ya filamu - haswa zile ambazo napenda sana nyota - lakini filamu hii ni mbaya siamini kwa sekunde moja kuwa mtu yeyote angeweza kujivunia,negative
Mimi si mtengenezaji wa filamu wala sio mkurugenzi lakini ningekificha kichwa changu kwenye mchanga ikiwa ningetumia kiasi chochote cha pesa na wakati kwenye sinema hii.,negative
Kwa kifupi - hii ilikuwa upotezaji wa muda na nguvu na singependekeza mtu yeyote KUONA filamu hii.,negative
Ilikuja bure na kicheza DVD nilichonunua lakini bado nilibadilisha kitu hicho kwa sababu nilikuwa na aibu kwa Howell.,negative
1/10 - na kwa sababu tu hakuna mpangilio wa 0/10,negative
"Lo, filamu mbaya namna gani",negative
"Sio ya kutisha angalau, na haieleweka wazi",negative
Haifai hata kwa thamani ya kambi!,negative
"Sikutarajia vifaa vya Oscar, lakini hii?",negative
Filamu hii (na mimi hutumia neno hilo kwa upole) ni tusi kwa umma unaokwenda sinema.,negative
Ikiwa tu mtu anayehusika nayo angelijua jinsi ya kujumuisha simulizi!,negative
"Hii inapata 1 kati ya 10, kwa sababu tu hakuna kitu cha chini",negative
"Hii ni moja ambayo sikuwa nayo, lakini niliitazama hivi majuzi kwenye Channel ya Sinema ya Fox, na nilisikitishwa sana",negative
"Victor McLaglen alikuwa mbaya hata, na Brian DonLevy alikuwa haeleweki",negative
Kitu kibaya zaidi kuliko uigizaji wa Taylor ilikuwa kuimba kwa Stanwyck.,negative
Hata squibs anaonekana mbaya,negative
Mazungumzo yanaundwa na vitu ambavyo havielewi vizuri,negative
"Kwa kweli, kaimu ni blah.",negative
"Na, Mwishowe, baada ya yote hayo, tunafikia tamati ambayo ingekuwa nzuri ikiwa ingeshughulikiwa na watu wenye uwezo na sio Jerry Falwell.",negative
Ni aina tu ya pap ambayo inapetiwa alasiri ili kuwaadhibu wasio na kazi kwa kukosa kazi.,negative
Karibu kama dakika kumi kwenye filamu hii nilianza kuwa na mawazo ya pili.,negative
Karibu nusu ya njia ya filamu hii nilianza kuichukia,negative
"Kufikia wakati filamu ilipoisha, sikuichukia tu, niliidharau pia",negative
Ukadiriaji: 0/10 (Daraja: Z) Kumbuka: Maonyesho Ni Mbaya Kwamba Hata Mama Wa Mwigizaji Akatoa Binti Yake Kati Ya Show.,negative
Kuangalia mashine ya kuosha ikizunguka haitakuumiza macho yako kama vile onyesho hili,negative
Neno la Mwisho: Show hii ni mateso kwa kweli !!,negative
Kila kitu juu yake ni mbaya tu,negative
Hii labda ni onyesho la kukasirisha sana ambalo nimewahi kuona katika maisha yangu yote.,negative
Kile filamu hii inakosa ni maandishi ya kushawishi.,negative
Karne ya 20 ya Fox's ROAD HOUSE 1948) sio tu hadithi ya kipumbavu lakini ni fumbo lisilofahamika la sinema,negative
"Imejaa wahusika wa kadi isiyo na kifahari, iliyoandikwa wazi na Edward Chodorov, ambaye pia alitengeneza, na kwa kushangaza anaelekezwa na Jean Negulesco ambaye mtu angetegemea mpango mkubwa zaidi.",negative
Kuanzia hapa mhusika wa Widmark anageuka mchesi bila kukusudia,negative
kuna shida nyingi sijui nianzie wapi.,negative
lakini sinema hiyo inafanya makosa  mengi sana.,negative
Chochote kilichochochea maandishi haya ni zaidi yangu!,negative
Kupoteza kwake marumaru mapema sana katika kesi hiyo haifurahishi,negative
"Kwanza kabisa, kuna mitindo ya kichekesho ya kutosha na utani wa rangi ili kumkasirisha kila mtu.",negative
"tukiacha ubaguzi wa rangi, wacha tuangalie upungufu mkubwa kwenye filamu: wanaharibu mhusika wa Latifah",negative
singependa kuona hii sinema tena hata bure,negative
Mbaya sana ... mmmh... ni mbaya tu,negative
Hii inaweza kuwa ndiyo filamu mbaya tu ambayo amewahi kutengeneza.,negative
Sidhani kama kuna sifa zozote za ukombozi katika kumbukumbu hii,negative
"Nimesikitishwa sana kuwa filamu hii itapokea tuzo nyingi na sifa nyingi, haswa ikiwa kuna kazi zinazofaa zaidi za filamu huko nje.",negative
Sinema hii ni mfano thabiti wa njama mbaya na wazo mbaya sana kila mahali,negative
Ni aibu kuona watendaji wazuri kama Thomerson na James wanaishi kwa fujo kama hii.,negative
Nakala ni fujo kubwa linalopotoka.,negative
"Wacha tuanze na shida zote - kaimu, haswa kutoka kwa profesa mkuu, alikuwa mbaya sana.",negative
"Filamu zote mbili ni mbaya, lakini kwa sifa ya toleo la 1986, ilionekana.",negative
Nilidhani ilikuwa mbaya.,negative
"Mkurugenzi Paul Matthews, ambaye pia aliandika / kuelekeza sinema dhaifu ya monster 1995 ""Grim"", wazi hajui jinsi ya kuongeza kasi filamu zake.",negative
sinema inaudhi,negative
Filamu inaonekana ya bei rahisi na isiyo na maana,negative
Mojawapo ya mambo yanayokatisha tamaa zaidi ni ukosefu wa balaa kubwa,negative
Athari za kuona zilikuwa mbaya,negative
Mlipuko wa mizinga ya Gesi mwishoni ulikuwa mbaya tu,negative
"Mkutano huu haujawahi kufanya kazi vizuri zamani, na hakika haifanyi kazi hapa",negative
Haipendekezwi,negative
Haipendekezi,negative
"Ninaelewa kuwa inapaswa kuwa vichekesho cha bei nafuu cha popcorn, lakini hiyo haimaanishi kuwa inabidi itukane akili zetu, na kuandika maandishi mabaya sana kiasi kwamba inapakana na kukera.",negative
"Kipaji kikubwa cha Lewis Black kinatoweka hapa pia, kwa vile yeye ni mtangulizi wake wakati yeye hajazuiliwa, ambayo rating ya PG-13 hakika haitakubali.",negative
Bajeti ilikuwa dhahiri sana.,negative
"Walakini, hapa hakukuwa na kaimu bora, kitendo au kazi ya eneo kusawazisha mambo",negative
Filamu ilikuwa ndogo sana,negative
Haikufaulu kufikisha jumla ya mandhari ambayo yalikuwa sehemu kubwa ya asili,negative
Kwa jumla; ilikosa tu mawazo.,negative
sipendekezi,negative
Je! Inawezekana kwa sinema kuwa mbaya zaidi kuliko hii,negative
"Hata wakati wanawake watajidhihirisha, hakuna ishara ya uboreshaji; mambo yanayotarajiwa sana kutokea na wakati filamu imekwisha, unaweza kuwa umelala sana",negative
"Jihadharini: hii sio sinema ya ibada ya kidini, hii ni kipindi cha takataka",negative
Siwezi kuamini kuwa kuna njia ijayo kwa hii!,negative
Ambayo ni kwa nini ninaipa hakiki mbaya,negative
"Mistari yake inaonekana kuwa imeandikwa na mtu wa miaka kumi na tano, ingawa wanajaribu sana kusikika kama vile mtu wa miaka kumi na tano angeongea",negative
Hakuna udhuru kwa kitu hiki ambacho hakijafanywa vizuri,negative
Niliona sinema hii na nilidhani hii ni sinema ya kijinga.,negative
Ni nini kijinga zaidi ni kwamba ni nani aliyefikiria wazo kwamba kunapaswa kuwa na volkano huko Los Angeles?,negative
"Ili kuwa mkweli na wewe, hii ni ya upumbavu isiyo ya kushangaza na ni ujinga sana.",negative
"Kwa kumalizia, sitajisumbua na sinema hii kwa sababu volcano huko Los Angeles sio kitu lakini ni isiyo na maana",negative
Mstari wa hadithi ni mbaya tu!,negative
Ni chungu tu,negative
Na lafudhi ni mbaya sana,negative
Kuna unafiki wa kutosha katika filamu hii kunifanya nitapike,negative
Usipoteze muda wako kutazama filamu hii ya takataka ambayo haijafanywa utafiti,negative
Ukadiriaji wangu: 3 tu kati ya 10.,negative
"Bila kujali, filamu inashindwa kwa viwango vingi.",negative
"Ninajua kuwa Jim O'Connor alikuwa na nguvu sana na kwamba hakuna mtu anayeweza kuwa kama yeye, lakini George hakuwa na riba",negative
Epuka kwa gharama zote.,negative
siipendekezi,negative
"Sinema hii ni mbaya sana kwa akili, haingeweza hata kutengenezwa",negative
"Isipokuwa tu uko kwa ""kukusanya"" filamu zote za kazi za Austen, unaweza kuruka hii.",negative
si nzuri,negative
si ya kufurahisha,negative
Sio nzuri.,negative
"Hata kuruhusu viwango duni vya uzalishaji kwa wakati huo (1971) na muundo (aina fulani ya mfululizo wa mini), hii ni mbaya",negative
najuta,negative
Utajuta!,negative
"utendaji mbaya sana hucheza Angela Bennett, mtaalam wa kompyuta ambaye yuko nyumbani wakati wote.",negative
"Ni filamu isiyohusu kitu chochote, kisingizio tu cha kuonyesha matukio ya kejeli",negative
Yeye ni mbaya sana!,negative
"Lakini yeye bado ni mwigizaji mbaya, akirudia sura yake ya uso wa robotic katika kila moja ya picha zake",negative
"Matokeo, ni aibu.",negative
"mimi ni Shabiki mkubwa wa michezo ya RPG , lakini sinema hii, ni aibu kwa shabiki yeyote wa RPG anayejiheshimu",negative
Hadithi hizo zilikuwa zisizoaminika kama wahusika,negative
"Mistari, kupunguzwa, sauti, kila kitu kibaya",negative
Unaweza kupata sinema bora kwenye youtube,negative
"Mstari wa juu: Usipoteze wakati wako na pesa kwenye hii, ni mbaya kama inavyotokea",negative
"Sana ujinga katika kila nyanja kuwa inakuwa fujo nyepesi, isiyo ya kupendeza, hii ni moja ya sinema zinazosahaulika sana ambazo nimeona",negative
"Epuka, epuka, epuka!",negative
Itakuendesha kupiga wazimu!,negative
Hakuna kitu kipya hapo,negative
Sinema haina hatua yoyote ndani yake na ucheshi ni mdogo sana.,negative
Maonyesho haya hayafurahishi,negative
"Nimechoka sana na nguzo ambazo ni uvivu tu kuandika, na hapa wanakuja kwa nene na haraka.",negative
Kwanini filamu hii ilitengenezwa?,negative
Matokeo yake ni filamu ambayo haionekani kuwa sawa,negative
Hakuna hata mmoja wao anayefurahisha.,negative
The Foreigner haifai sekunde moja ya wakati wako,negative
Njama hiyo ni ya kijinga ambayo haifurahishi kwa njia yeyote ,negative
"Jinsi kipande hiki cha takataka kilivyowahi kutolewa ni imenishinda: uigizaji, hadithi, wahusika, athari zinazodaiwa kuwa maalum, nk ... zote ni mbaya",negative
Epuka kwa gharama zote! ,negative
Star Trek V Frontier ya mwisho ndio mbaya zaidi kwenye safu.,negative
Mahali pema tu kwa filamu hii iko kwenye taka/takataka,negative
Mbaya zaidi ya mfululizo,negative
Nilikatishwa tamaa na kujiuliza jinsi inaweza kuwa katika orodha fupi ya Oscar.,negative
usipoteze muda wako,negative
Ni kama sinema mbaya ya saa mbili,negative
Bado ninajaribu kupata jinsi ilikuwa mbaya.,negative
Hii ilikuwa moja ya filamu mbaya kabisa ambayo nimewahi kuona,negative
Kwa kweli hajui jinsi ya kutengeneza sinema ya vitendo madhubuti kutoka kwa mwandishi wa Jeshi la Anga ambaye alilazimika kuandika hati hiyo kwa pesa nyingi tu,negative
Mwisho wa Siku ni moja ya sinema mbaya zaidi za bajeti kubwa ambazo nimewahi kuona,negative
Sasa fikiria kwamba kila moja ya maamuzi hayo yalifanywa vibaya,negative
"Shida ni kwamba, uandishi na kuelekeza hufanya iwezekani kuanzisha vitu",negative
"haina maana, na inapoteza muda ",negative
"Kwa kifupi, usijiumbue na sinema hii",negative
Pia hadithi na kaimu zilikuwa dhaifu,negative
"Karibu saa 4 jioni niliinunua, saa 8 jioni nilianza kuitazama, karibu saa 8.15 jioni nikasambaza haraka filamu iliyobaki ili kuona ikiwa kuna kitu chochote kilichobaki cha kutazamwa kwa mwanadamu aliye na ubongo ... lakini hakukuwa. ",negative
Nakala ni ya kijinga,negative
Kila kitu Kapteni Howdy anasema  kijinga wazi tu,negative
Filamu hii inajaribu kuwa ya kusisimua na ya kushangaza / ya kutisha na inashindwa vibaya,negative
Hii labda ni moja ya sinema zisizo na ufanisi,negative
"Kwa kiwango chochote filamu hii haipendezi,na sio ya kuchekesha",negative
Epuka kwa gharama yoyote na yote,negative
Epuka filamu hii kwa gharama zote,negative
Sasa hii ni sinema ambayo sipendi kabisa,negative
sio ya kufurahisha,negative
"Vinginevyo, usipoteze wakati wako kwenye hii sinema",negative
Hii inashindwa kuunda tuhuma yoyote ya kweli.,negative
"Kwa habari ya muuaji, usitegemee kitu chochote cha asili au hata cha kutisha kwa mbali",negative
Samahani lakini kwa kweli siwezi kuipendekeza kwa mtu yeyote,negative
Mstari wa njama ya pili haueleweki,negative
niliichukia,negative
haipendezi,negative
Hii ni moja ya sinema mbaya zaidi ya Sandra Bullock tangu Speed ??2 Lakini sio mbaya kabisa,negative
"Sielewi jinsi takataka hii ilifika kwenye rafu za duka la sinema, hata sio sinema halisi!",negative
Nina shaka sana kuwa mtu yeyote angependa takataka hii,negative
Hii sio ya kutengeneza sinema,negative
"Kaimu ni kama kutazama vijito vya mbao vinazunguka na kusoma kutoka kwa kitabu, ndivyo ilivyo mbaya",negative
"Nakubaliana na Jessica, sinema hii si nzuri sana",negative
Nimeona michezo ya sabuni yenye akili zaidi kuliko sinema hii.,negative
"Wahusika wabaya, hadithi mbaya na kaimu mbaya.",negative
Kweli mbaya,negative
si rahisi kutizama,negative
Sinema ilionekana polepole kidogo mwanzoni,negative
"Ni mbaya sana kwamba kila mtu mwingine aliyehusika hakushiriki kiwango cha kujitolea cha Crowe kwa ubora, kwa maana ikiwa wangefanya, tungekuwa na filamu bora zaidi mikononi mwetu kuliko fujo hili ndogo",negative
ni dharau kwa akili ya mtu na upotezaji mkubwa wa pesa,negative
Ila mbaya!,negative
"Kwa neno moja, ni aibu",negative
"Kwa bahati mbaya, fadhila yoyote katika kazi ya utengenezaji wa filamu hii ilipotea kwenye hati ya kusikitisha.",negative
